{
  "project_info": {
    "project_number": "404151434956",
    "project_id": "crudfirebase123sjb",
    "storage_bucket": "crudfirebase123sjb.appspot.com"
  },
  "client": [
    {
      "client_info": {
        "mobilesdk_app_id": "1:404151434956:android:af7ed95040436dd0d6cc69",
        "android_client_info": {
          "package_name": "com.acharte.firebase"
        }
      },
      "oauth_client": [
        {
          "client_id": "404151434956-n5r7ke5qvi907ste95iu0fv4tn1uuhs2.apps.googleusercontent.com",
          "client_type": 3
        }
      ],
      "api_key": [
        {
          "current_key": "AIzaSyDFIGzjNclJpzs6QKDUIj7JJ4I5KL3RQPg"
        }
      ],
      "services": {
        "appinvite_service": {
          "other_platform_oauth_client": [
            {
              "client_id": "404151434956-n5r7ke5qvi907ste95iu0fv4tn1uuhs2.apps.googleusercontent.com",
              "client_type": 3
            }
          ]
        }
      }
    }
  ],
  "configuration_version": "1"
}